{
  "version": 1,
  "author": "prajwal bagewadi",
  "editor": "wokwi",
  "parts": [
    { "type": "wokwi-arduino-uno", "id": "uno", "top": 115.8, "left": -39, "attrs": {} },
    {
      "type": "wokwi-rgb-led",
      "id": "rgb1",
      "top": 4,
      "left": -18.1,
      "attrs": { "common": "cathode" }
    },
    {
      "type": "wokwi-resistor",
      "id": "r1",
      "top": 80.75,
      "left": -28.8,
      "attrs": { "value": "1000" }
    },
    {
      "type": "wokwi-rgb-led",
      "id": "rgb2",
      "top": -5.6,
      "left": 97.1,
      "attrs": { "common": "cathode" }
    },
    {
      "type": "wokwi-resistor",
      "id": "r2",
      "top": 71.15,
      "left": 115.2,
      "attrs": { "value": "1000" }
    }
  ],
  "connections": [
    [ "uno:GND.1", "rgb1:COM", "black", [ "v0" ] ],
    [ "uno:13", "r1:2", "green", [ "v0" ] ],
    [ "r1:1", "rgb1:R", "green", [ "v0" ] ],
    [ "uno:GND.1", "rgb2:COM", "black", [ "v0" ] ],
    [ "uno:11", "r2:2", "green", [ "v0" ] ],
    [ "r2:1", "rgb2:B", "green", [ "v0" ] ]
  ],
  "dependencies": {}
}